{
    "sections":[
        {
            "name":"默认单元",
            "option_shuffle":false,
            "calculator":false,
            "point":2,
            "section_type":"exam",
            "timer":{
                "time_limit":6000,
                "time_min_limit":0
            },
            "item_shuffle":false,
            "groups":[
                {
                    "items":[
                        {
                            "index":1,
                            "reference":"",
                            "point":1,
                            "analysis":"",
                            "content":{
                                "duration":30,
                                "recog_type":"manual",
                                "stem":"我是录音题"
                            },
                            "video":{
                                "url":"https://cdn.eztest.org/media/tenant/49/ListeningVideo.mp4"
                            },
                            "template":"listenVideo",
                            "audio":{
                                "url":"https://cdn.eztest.org/media/resource/49/80941/0530d74a-60da-479d-bc77-5915460ded38.mp3"
                            },
                            "type":"speak",
                            "id":"1dc5b569-3e53-c333-19c0-5c9ab31b2213"
                        },
                        {
                            "index":2,
                            "reference":"",
                            "point":1,
                            "analysis":"",
                            "content":{
                                "duration":30,
                                "recog_type":"manual",
                                "stem":"fads&nbsp;"
                            },
                            "type":"speak",
                            "id":"63310de9-4580-7fbe-1e0d-04c8ae937ab1"
                        }
                    ],
                    "point":2,
                    "number":2,
                    "name":"录音组",
                    "id":"7a5e88c259ba4dd08df125d7db553fb2"
                }
            ],
            "navigation":{
                "next":true,
                "random":true,
                "previous":true
            },
            "id":"a40aa9f6900646419934a5420168fc13"
        }
    ],
    "name":"template",
    "timer":{
        "time_limit":0,
        "time_min_limit":0,
        "time_set":false
    },
    "id":"573cd636f8584221bb9b08996343b5b1"
}